month_year,maxTemp,minTemp,meanTemp,vapPress,cldCover,precipitation
01/1901,5.9,1,3.4,7.1,86,79.8
02/1901,4.6,-0.9,1.8,6.5,81.2,59.8
03/1901,6.4,0.5,3.5,7,81.4,80.6
04/1901,11.4,3,7.2,8.4,67.8,82.8
05/1901,15.5,5.4,10.4,9.7,57.4,42.1
06/1901,16.6,7.9,12.3,11.4,70,71.9
07/1901,20.5,11.5,16,14.1,70.1,67.9
08/1901,18.5,10.2,14.3,14.4,71.2,96.5
09/1901,16.3,9.4,12.9,13.1,77.4,74.1
10/1901,12,5.2,8.6,9.9,76.9,112.2
11/1901,8.4,2.3,5.3,7.9,80.5,105
12/1901,5.6,0.4,3,7.8,86.2,155
01/1902,6.5,1.3,3.9,7.1,85.9,78.5
02/1902,4.3,-1.3,1.5,7,80.6,55
03/1902,9,2.4,5.7,7.7,77.2,78.3
04/1902,11,2.5,6.8,8.1,68,55.3
05/1902,11.7,4,7.8,8.9,74.1,82.3
06/1902,15.9,7.8,11.8,11.5,73.9,69.3
07/1902,17.1,8.9,13,13,73.6,79.5
08/1902,16.9,8.9,12.9,13.5,73.1,89.4
09/1902,15.9,8.3,12,12.4,73.7,76.1
10/1902,11.7,5.9,8.8,10.8,81.6,94.9
11/1902,9.5,4.1,6.7,9,83.7,86.9
12/1902,6.6,1.7,4.1,7.7,88.4,110.7
01/1903,5.9,0.9,3.3,7,86.4,144.9
02/1903,8.6,2.8,5.7,7.7,79.3,117
03/1903,8.7,2.2,5.4,7.6,77.9,150
04/1903,9,1.8,5.4,7.6,75.8,62.7
05/1903,13.8,5.5,9.6,9.5,70.2,77.5
06/1903,15.8,7.7,11.7,11.4,73.7,67.3
07/1903,17.3,9.8,13.5,13,76.5,116.2
08/1903,16.7,9,12.8,12.5,75.2,146.8
09/1903,15.5,8.4,11.9,12.1,76.4,107.5
10/1903,11.9,6.4,9.1,10.3,83.4,227.5
11/1903,8.5,3.1,5.8,8.2,83.3,99.3
12/1903,5.1,0.6,2.8,7.1,90.1,87.6
01/1904,6.4,1.2,3.8,7.4,85.5,112.5
02/1904,5,0.3,2.6,6.6,84.6,114.5
03/1904,6.9,0.5,3.7,6.8,78.9,64.5
04/1904,11.1,3.7,7.4,8.5,74.5,85.1
05/1904,13.5,5.5,9.5,9.5,72.6,77.6
06/1904,16.7,8,12.3,11.5,70.3,49.8
07/1904,18.8,10.3,14.5,13.2,72,78.2
08/1904,17.9,9.7,13.8,13.1,71.1,113.8
09/1904,15.6,7.9,11.8,12.1,73.3,81.1
10/1904,12.4,5.8,9.1,10.2,77.7,65.5
11/1904,8.2,2.6,5.4,8,82.2,85.6
12/1904,6.8,1.8,4.3,7.6,87.5,101.4
01/1905,6.7,1.5,4.1,7.4,85.1,67.9
02/1905,6.7,1.4,4,7.1,82,70.5
03/1905,8.8,2.3,5.5,7.8,78,128.1
04/1905,9.4,2.6,6,7.8,77.9,79
05/1905,14.4,5.3,9.8,9.5,64.6,39.7
06/1905,17.7,8.9,13.3,12.2,69.8,60.2
07/1905,19.5,11.2,15.3,14.1,73,61.3
08/1905,17.2,9.7,13.4,13.3,75.4,123.4
09/1905,15,8,11.5,11.9,76.8,79.6
10/1905,10,3.5,6.7,8.8,77.9,99
11/1905,7.4,1.8,4.6,7.8,82.5,143.9
12/1905,7.6,3.2,5.4,8.4,90,59.2
01/1906,7,2.1,4.5,7.6,86,147.2
02/1906,5.2,-0.4,2.4,6.4,80.7,100
03/1906,7.5,0.8,4.1,6.8,77.4,79.8
04/1906,10.6,2,6.3,7.7,66.8,48
05/1906,12.5,5.2,8.9,9.3,77.4,104.8
06/1906,17.3,8.6,12.9,12,70.2,50
07/1906,18.2,9.4,13.8,12.6,71,60.9
08/1906,19,10.8,14.8,13.7,71.5,100.7
09/1906,17.1,8.4,12.7,12.4,68.6,45.8
10/1906,13,6.2,9.6,10.3,77.7,162.4
11/1906,9.6,4.5,7,9.1,84.9,139.1
12/1906,5.4,0.3,2.9,6.9,87.1,114.4
01/1907,6,1.3,3.6,7.2,86.8,68.3
02/1907,5.3,-0.4,2.4,6.4,80.1,77.5
03/1907,9.3,1.9,5.6,7.4,72.2,79.5
04/1907,10.3,2.9,6.6,8.2,73.9,78.7
05/1907,13,5.3,9.1,9.5,74.3,99
06/1907,14.5,7.6,11,11.3,81.1,116.8
07/1907,17,9.3,13.1,12.5,75.9,74.6
08/1907,16.4,9.2,12.8,12.5,76.9,107.5
09/1907,16.8,8.5,12.6,12.1,70.2,36.2
10/1907,12.2,6.1,9.1,10.4,80.6,173.6
11/1907,8.8,3.1,5.9,8.3,81.9,99.5
12/1907,6.6,1.9,4.2,7.6,88.9,133.3
01/1908,5.7,0.2,2.9,7,84.4,91.5
02/1908,7.3,2.2,4.7,7.5,82.8,86.9
03/1908,6.8,0.6,3.7,6.9,79.8,126
04/1908,9.1,1.7,5.4,7.6,74.7,76.6
05/1908,14.6,6.9,10.7,10.4,74.3,66.2
06/1908,17.1,8.4,12.7,11.8,70,57.1
07/1908,18.1,10.4,14.2,13.5,76.2,86.3
08/1908,17.3,9.6,13.4,13.1,74.4,102.6
09/1908,15.5,8.5,11.9,12.2,76.8,123
10/1908,14.7,8,11.3,11.9,76.3,59.6
11/1908,9.9,3.9,6.9,8.9,80.5,82.6
12/1908,6.8,1.9,4.3,7.8,88.1,108.1
01/1909,6.2,1.2,3.7,7.3,86,90.6
02/1909,6.3,0.6,3.4,6.9,79.5,49
03/1909,5.9,-0.1,2.9,6.5,81.3,116.8
04/1909,11.7,3.4,7.5,8.3,68.2,87.9
05/1909,14.3,5,9.6,9.4,62.2,59.7
06/1909,15.1,7.6,11.4,11.4,77.6,74.2
07/1909,16.8,9.9,13.3,13.2,80.1,109.2
08/1909,18.2,10.2,14.2,13.5,72.6,84.5
09/1909,14.7,7.6,11.1,11.6,76.1,77.6
10/1909,12.1,6.3,9.2,10.4,81.1,170.3
11/1909,7.2,1.6,4.4,7.6,82.5,67.3
12/1909,5.7,0.5,3.1,6.8,86.2,151.3
01/1910,5.7,0.6,3.1,6.7,85.6,120.7
02/1910,6.8,1.1,3.9,7,80.1,126.4
03/1910,9,2,5.5,7.7,75.1,52.5
04/1910,9.7,2.6,6.1,7.9,75.6,97.8
05/1910,14.1,5.8,9.9,10,70.1,68.5
06/1910,16.9,8.9,12.9,12.1,74.6,68
07/1910,16.8,9.6,13.1,12.9,78.9,96.6
08/1910,17.6,10.6,14.1,14.1,78.4,139.9
09/1910,15.5,8.4,11.9,12.2,76.4,30.9
10/1910,12.8,6.8,9.8,10.7,80.9,94.4
11/1910,6.5,0.7,3.6,7.1,81.5,153.6
12/1910,7.7,3.4,5.5,8.3,90.5,139.3
01/1911,6.1,1.5,3.8,7.5,87.4,61.5
02/1911,7,1.2,4.1,7.1,79.5,106.8
03/1911,7.7,1.4,4.5,7.1,79.3,62.2
04/1911,10.4,3.1,6.7,8.1,74.4,72.7
05/1911,15.8,6.9,11.3,10.6,65.2,53.1
06/1911,17.2,8.6,12.8,12.2,71,79.5
07/1911,20.5,10.9,15.7,13.9,66.8,54
08/1911,20.3,11.5,15.9,14.6,67.8,68.9
09/1911,16.6,8.5,12.5,12.3,70.9,74.3
10/1911,11.9,5.3,8.6,9.6,77.9,105.6
11/1911,8.1,2.6,5.3,7.9,83.1,153.7
12/1911,7.8,3.1,5.4,8.3,88.8,193.7
01/1912,5.8,1,3.4,7.1,86.6,116
02/1912,7.2,1.4,4.3,7.1,79.5,86.8
03/1912,9.2,3.3,6.2,8.1,81.7,125.7
04/1912,12.1,3.7,7.8,8.6,67.2,37.9
05/1912,14.3,6.1,10.2,10.1,71,61.2
06/1912,15.9,8.5,12.2,11.9,77.7,123
07/1912,18,10.2,14.1,13.6,75.7,92.5
08/1912,15.1,8.3,11.7,12.4,80,161.3
09/1912,13.9,7,10.4,11.3,77.2,59.5
10/1912,11.6,4.4,8,9.5,74.2,125
11/1912,8.1,3.2,5.6,8.2,85.7,114.8
12/1912,8.2,2.7,5.4,7.9,85.2,157.2
01/1913,6.1,1.6,3.8,7.4,87.3,129.1
02/1913,7,1.5,4.2,7.3,80.2,56.5
03/1913,8.1,1.6,4.8,7.3,78.2,135.3
04/1913,10.5,3.2,6.9,8.2,75.2,98.2
05/1913,13.8,6,9.9,10.1,74.3,82.4
06/1913,16.4,8.4,12.3,12,74.7,62.9
07/1913,17.2,9.9,13.5,13.4,78.3,31.7
08/1913,18.3,9.9,14,13.5,70.5,45.4
09/1913,16.2,8.9,12.5,12.6,75,85.1
10/1913,13.2,7,10.1,11,79.5,104.9
11/1913,10.4,4.7,7.5,9.1,82,126.2
12/1913,6.6,2.2,4.3,7.7,90.2,99.1
01/1914,5.7,1,3.3,7.2,87,85.9
02/1914,8.5,2.6,5.5,7.8,78,113.1
03/1914,8.1,1.7,4.9,7.3,79.1,133.3
04/1914,12.6,4.8,8.7,9.2,70.8,55.4
05/1914,13.7,5.6,9.6,9.7,71.8,62.1
06/1914,17.3,8.4,12.8,12.1,69,51.1
07/1914,18.4,10.7,14.5,13.6,76.1,99.8
08/1914,19,10.7,14.9,14,71,86.1
09/1914,16.3,8.6,12.4,12.4,73.2,66.5
10/1914,12.7,6.5,9.6,10.7,79.8,69.4
11/1914,9,3,6,8.3,80.8,149.6
12/1914,6.1,1.1,3.6,7.3,87.2,207.7
01/1915,5.5,1.1,3.3,7.1,88.4,126.2
02/1915,5.9,0.3,3.1,6.9,80.2,139.9
03/1915,7.7,1.1,4.4,7,77.5,62.5
04/1915,10.9,3.3,7,8.3,72.4,67.7
05/1915,13.9,4.8,9.3,9.2,64.7,53
06/1915,17.4,8,12.7,11.4,65.4,40.4
07/1915,17.2,9.5,13.3,12.9,76.1,127.6
08/1915,17.7,10.3,14,14,75.9,80.6
09/1915,16.4,8.3,12.3,12.2,71.5,69.4
10/1915,11.7,5.4,8.5,10.1,79.3,83.2
11/1915,6.2,0.4,3.3,7.1,81.3,92.5
12/1915,6.5,1.5,3.9,7.1,87,205.9
01/1916,8.9,3.7,6.3,8.3,85.2,109.3
02/1916,5.8,0.3,3.1,6.7,80.7,144.4
03/1916,5.7,0.1,2.9,6.6,83,96.3
04/1916,11,3,7,8.2,70.3,73.8
05/1916,14,5.7,9.8,9.7,69.5,100.1
06/1916,14.6,7.1,10.8,11,77.1,82.1
07/1916,17.9,10.1,14,13.4,75.4,75.2
08/1916,18.8,10.8,14.8,13.8,72.7,91.2
09/1916,15.7,8.9,12.3,12.4,77.4,59.6
10/1916,12.3,6.5,9.4,10.4,81.7,185.1
11/1916,9.1,4.2,6.6,9.1,84.8,139.4
12/1916,5.4,0.6,3,7.1,88.2,124.4
01/1917,3.6,-0.4,1.6,6.5,89.6,84.1
02/1917,4.6,-1.3,1.6,6.3,78.6,40.4
03/1917,6,0,3,6.6,80.6,82
04/1917,8.4,0.8,4.6,7.1,73.6,65.2
05/1917,15.1,6.1,10.6,9.8,64.9,72.4
06/1917,17.5,8.5,13,11.9,68.4,75
07/1917,19,10.4,14.7,13.5,72.2,62.5
08/1917,18,11,14.5,14.4,78.8,160.3
09/1917,16.4,9.2,12.8,12.7,75.6,80.8
10/1917,10.3,3.5,6.9,8.9,76.6,183
11/1917,9.9,4.8,7.3,9,85,137.8
12/1917,5.2,0,2.6,6.8,86.4,75.8
01/1918,5.5,0.4,3,6.5,85.4,115.7
02/1918,8.2,3.2,5.7,8,83.2,109.8
03/1918,8.6,1.6,5.1,7.4,74.7,47
04/1918,9.9,2.6,6.2,8,75.8,49.9
05/1918,15.7,6.7,11.2,10.6,64.9,68.2
06/1918,16.5,7.6,12,11.4,69,47.2
07/1918,18.1,9.9,14,13.3,73.5,128.8
08/1918,18.4,10.9,14.6,14.3,75.3,92.1
09/1918,13.8,7.1,10.4,11.2,78.1,196.4
10/1918,11.6,5.5,8.5,10.1,80.4,112.8
11/1918,8.4,2.4,5.4,8.2,80.6,99.3
12/1918,8.2,3.4,5.8,8.1,88.1,149.2
01/1919,5.3,0.8,3.1,7.1,88.1,134.2
02/1919,4.6,-0.6,2,6.3,82.1,64.1
03/1919,6,-0.4,2.8,6.4,79,123
04/1919,10.2,2.9,6.5,8.2,74.8,85.5
05/1919,16,6.8,11.3,10.5,63.8,31.4
06/1919,16.6,8.3,12.4,11.9,72.4,71.7
07/1919,16.8,9.2,12.9,13,76.4,48.3
08/1919,18.3,10.3,14.2,13.6,72.2,93.4
09/1919,15.7,8,11.8,11.9,73.7,91.2
10/1919,11.4,4.5,7.9,9.4,76.4,83.6
11/1919,5.4,0.1,2.7,6.8,84.1,120.8
12/1919,7,1.9,4.4,7.4,86.3,177.9
01/1920,6.9,1.3,4.1,7,84.1,146.3
02/1920,8.4,2.3,5.3,7.5,77.1,99.6
03/1920,9.2,2.3,5.8,7.6,75.4,116.6
04/1920,9.9,3.8,6.9,8.6,81.9,101.5
05/1920,14.1,6.5,10.3,10.3,74.8,99
06/1920,17,8.6,12.8,12.1,72.1,64.7
07/1920,16.8,9.5,13.1,13,78.3,125.3
08/1920,16.5,9.2,12.8,12.9,76.2,77.7
09/1920,15.7,8.4,12,12.1,75.2,84.6
10/1920,13.3,6.7,9.9,11.1,77,86.1
11/1920,9.9,4.4,7.1,9.4,82.1,94.6
12/1920,6.2,1.4,3.8,7.6,88.6,113.6
01/1921,8.3,3.6,5.9,8.2,87,157
02/1921,7.4,2.1,4.7,7.7,81,29.3
03/1921,9.2,2.6,5.9,7.8,77,108.1
04/1921,11.9,3.1,7.5,8.4,66,39.6
05/1921,14.5,5.8,10.1,10,66.7,64.9
06/1921,17.7,8.4,13,11.9,66,20.7
07/1921,20.6,11,15.8,13.7,66.5,65.8
08/1921,17.4,9.7,13.5,13,74.5,111.6
09/1921,16.7,9,12.8,12.5,73.5,61.9
10/1921,15,8.2,11.6,11.5,76,93.8
11/1921,8.2,2.5,5.3,8.1,82.1,83.4
12/1921,8.6,3.2,5.9,8.2,85.7,135.4
01/1922,6,0.8,3.3,7,85,135.6
02/1922,6.9,1.2,4,7,78.9,117.9
03/1922,7.6,1.5,4.6,7.3,80.4,75.4
04/1922,8.7,1.1,4.8,7.3,73.7,90.2
05/1922,15.1,6.3,10.7,10.1,66.7,63.9
06/1922,16.3,8,12.1,11.6,72.6,55.8
07/1922,16.1,8.8,12.4,12.4,78.4,118.6
08/1922,16.1,9.1,12.6,12.7,78.7,104
09/1922,14.7,7.6,11.1,11.6,76.6,90.2
10/1922,11.3,4.6,7.9,9.5,77.2,51
11/1922,8.9,3.2,6,8.3,81.9,72.8
12/1922,7.2,2.8,4.9,8.1,90.6,133
01/1923,8,2.7,5.3,7.9,84.8,109.6
02/1923,7,2.3,4.6,7.5,84.6,160.4
03/1923,8.9,2.8,5.8,7.9,80.3,52.5
04/1923,9.9,2.9,6.4,8,76.5,82
05/1923,11.8,4.4,8.1,9,76.9,84
06/1923,15,8,11.5,11.5,80,37
07/1923,19.2,11.4,15.3,14.2,75.1,97.3
08/1923,17.5,9.8,13.6,13.2,73.6,137.4
09/1923,15.1,7.6,11.3,11.5,74,122.2
10/1923,12,6,8.9,10.1,80.9,163.4
11/1923,6.2,0.6,3.4,7.1,82.3,129.3
12/1923,6.3,0.9,3.6,7,85.3,136.3
01/1924,6.7,1.8,4.2,7.5,86.6,116.3
02/1924,5.9,0.7,3.3,6.9,82.6,45.4
03/1924,7.1,0,3.5,6.6,74.7,44.2
04/1924,9.8,2.2,6,7.7,73.2,76.2
05/1924,13.5,5.8,9.6,9.6,74.3,119.7
06/1924,16.1,8.7,12.3,11.8,77.7,76.6
07/1924,17.7,9.9,13.8,13.2,75.8,128.8
08/1924,16.6,10,13.3,13.8,80.4,121.7
09/1924,15,8.6,11.8,12.3,79.8,145.6
10/1924,12.4,6.1,9.3,10.4,79.6,132.7
11/1924,9.5,4.3,6.9,9.1,84.4,89.1
12/1924,8.7,3.9,6.3,8.9,88.3,162.4
01/1925,7.6,2.5,5,7.9,85.3,107.4
02/1925,6.6,1.1,3.8,7,80.7,145.1
03/1925,7.4,1.3,4.3,7.2,80,58.3
04/1925,10.3,2.6,6.4,8,72.6,93.5
05/1925,13.5,6.3,9.9,10.3,78.1,115.6
06/1925,17.9,8.8,13.3,12.3,67.3,16
07/1925,19.1,11,15,14.2,74.5,83.7
08/1925,18,10.6,14.3,13.9,76.3,88
09/1925,14.2,7.3,10.7,11.5,77.5,117.8
10/1925,12.8,6.4,9.6,10.4,78.2,119.5
11/1925,6.6,1.1,3.8,7.4,82.7,74.3
12/1925,5.3,-0.1,2.6,6.5,85.3,123.1
01/1926,7.2,1.9,4.5,7.5,84.8,145.1
02/1926,8.1,3,5.5,7.6,82.6,105.2
03/1926,8.8,2.5,5.6,7.7,79.2,63
04/1926,12.1,4.6,8.3,9.1,72.6,70
05/1926,12.9,5.2,9,9.5,74.9,78.9
06/1926,16.2,8.3,12.2,12.1,74.5,78.2
07/1926,19.2,11.6,15.4,14.4,77,81.9
08/1926,19,11,15,14.2,72.4,88.2
09/1926,16.7,9.4,13,12.7,75.1,93.1
10/1926,10.7,4,7.4,9,77.4,139.6
11/1926,8.5,2.6,5.5,8.1,81.7,173.5
12/1926,6.6,1.7,4.1,7.5,87.9,55.5
01/1927,6.7,1.6,4.2,7.4,85.7,132.7
02/1927,7.1,1.4,4.3,7.3,79.7,79.4
03/1927,9.5,3.1,6.3,8,78.6,101
04/1927,10.3,3.2,6.7,8,75.7,86.4
05/1927,13.7,5.1,9.4,9.3,67.7,54.8
06/1927,14.8,6.8,10.8,10.7,74.6,111.3
07/1927,18.2,11.1,14.6,14.1,79.7,98.9
08/1927,18.2,10.8,14.5,14.1,76.8,133.8
09/1927,14.6,8.2,11.4,11.8,79.4,172.8
10/1927,13,6,9.5,10.1,76.1,120.3
11/1927,8.2,2.8,5.4,8.1,83.5,125.7
12/1927,4.4,-0.1,2.1,6.7,90.5,78.7
01/1928,7.4,1.5,4.4,7.2,82.7,212.4
02/1928,8,2,5,7.3,78.3,106.3
03/1928,7.8,1.9,4.9,7.5,81,103.9
04/1928,10.8,3.4,7.1,8.4,74.2,48.8
05/1928,13.9,5.5,9.6,9.8,69.7,43.9
06/1928,15.2,7.1,11.2,10.8,73.7,114.8
07/1928,18.1,10.2,14.1,13.2,74.7,73.7
08/1928,17.7,9.9,13.8,13.2,73.8,111.4
09/1928,15.7,7.7,11.7,11.6,71.9,70.6
10/1928,12.6,6.3,9.5,10.5,79.3,172.1
11/1928,9.7,4.1,6.9,8.7,82,150
12/1928,6.4,1.3,3.8,7.4,86.9,118.4
01/1929,4.3,-0.5,1.9,6.4,87.2,55.9
02/1929,4.2,-1.2,1.5,6.2,80.5,45.6
03/1929,9.2,2.6,5.9,8.1,77.5,18.7
04/1929,9.7,2,5.8,7.6,72.6,44.9
05/1929,14.6,5.7,10.1,9.8,66,73.1
06/1929,16,7.7,11.8,11.3,72.5,67.5
07/1929,18.7,10.1,14.4,13.3,71.3,83.1
08/1929,17.8,10,13.9,13.3,73.5,120.8
09/1929,17.7,9.7,13.7,13,71.8,49.8
10/1929,11.9,5.6,8.7,9.9,79.1,164
11/1929,9.1,3.2,6.1,8.6,80.6,190.3
12/1929,7.6,2.4,5,8,86.1,225.3
01/1930,7,1.6,4.3,7.5,84.3,154.7
02/1930,4.4,-0.8,1.8,6.4,82.6,28.2
03/1930,7.8,0.9,4.3,6.9,76.1,82
04/1930,10.8,3.9,7.4,8.6,77.8,67.4
05/1930,13.6,5.9,9.7,9.9,75,57.3
06/1930,18.1,9.2,13.6,12.4,68.7,58
07/1930,17.5,10.6,14.1,13.9,80.1,99.7
08/1930,17.9,10.7,14.3,14.3,76.3,149.4
09/1930,15.9,9.2,12.5,12.8,78.1,127
10/1930,12.4,6.6,9.5,10.6,81.2,154.6
11/1930,8.6,2.4,5.5,7.8,79.8,155
12/1930,6.7,2.1,4.4,7.9,89.2,127.2
01/1931,5.8,0.7,3.2,6.9,86.1,121.1
02/1931,5.9,0.6,3.3,6.7,81.8,107.6
03/1931,6.9,-0.2,3.3,6.4,74.8,36.2
04/1931,10,3.4,6.7,8.3,79.4,85
05/1931,13.7,6.4,10,10.2,77,100.3
06/1931,16,8.7,12.3,11.6,78.7,114.7
07/1931,17.1,10.8,13.9,13.9,82.1,116.2
08/1931,16.8,9.8,13.3,13.1,79.2,94.4
09/1931,14.3,7.8,11,11.7,79.2,72
10/1931,12.2,5.2,8.7,9.8,75.5,76.3
11/1931,9.9,4.9,7.4,9.6,84.8,171.2
12/1931,7.9,3.2,5.5,8.3,89.1,88.3
01/1932,8.6,3.2,5.9,8.2,84.8,140.2
02/1932,6.5,1,3.7,7.4,81,11.1
03/1932,8,1,4.5,7.2,75.1,79.8
04/1932,9.3,2.4,5.8,7.8,78,103.1
05/1932,12.8,5.9,9.3,9.9,80.7,100.9
06/1932,17.1,8.8,12.9,12,72.1,38.2
07/1932,18,11.2,14.6,14.2,79.9,117.1
08/1932,18.9,11.4,15.1,14.4,75.7,63.2
09/1932,15.5,8.6,12,12,77.3,119
10/1932,11.2,5,8.1,9.5,79.9,192.6
11/1932,8.7,3.6,6.1,8.5,84.7,94.5
12/1932,7.8,3,5.3,8.1,88.8,113.8
01/1933,5.2,0,2.6,7,85.1,101.9
02/1933,6.2,0.7,3.4,6.8,81,114
03/1933,10.1,2.8,6.4,8,73.1,79.1
04/1933,11.7,4.4,8,8.8,74.1,57
05/1933,14.3,6.7,10.5,10.4,75.2,59.3
06/1933,18,9.7,13.8,13.1,72.3,60.3
07/1933,20,12.1,16,15,74.8,82.4
08/1933,19.9,11.5,15.7,14.7,70.2,69.4
09/1933,17.6,9.8,13.7,13.4,72.7,48.5
10/1933,12.6,6.7,9.6,10.7,80.9,132.6
11/1933,8,3,5.5,8.5,85.3,67.3
12/1933,5.1,0.6,2.8,7.6,89.9,48.1
01/1934,7.2,2.2,4.7,7.8,85.9,117.6
02/1934,7.2,1.9,4.5,7.8,81.4,24.1
03/1934,7.7,1.1,4.4,7.2,77.3,84.3
04/1934,10.2,3.2,6.6,8.2,75.8,95.2
05/1934,14,5.8,9.9,9.7,71,69.4
06/1934,17.5,9.3,13.4,12.4,72.7,56
07/1934,20.5,11.8,16.1,15,70.9,71.7
08/1934,17.8,10.4,14.1,14.3,75.5,110.2
09/1934,17,9.5,13.2,13.1,74.6,111.1
10/1934,12.3,6.6,9.4,10.4,82.3,144
11/1934,8.4,3.3,5.8,8.4,85.2,66.3
12/1934,9.1,5.3,7.2,9.5,93,192
01/1935,6.7,2.3,4.5,7.8,88.5,72.5
02/1935,7.3,1.9,4.6,7.3,81.5,125.2
03/1935,9.2,2.7,5.9,8,77.7,51.6
04/1935,10.2,3.5,6.8,8.4,78.9,104.2
05/1935,13.3,5.2,9.2,9.5,71,34.1
06/1935,16.6,9.3,12.9,12.3,78.2,99.7
07/1935,19.2,10.8,15,13.9,72.8,48.6
08/1935,19.1,10.9,15,14.4,71.1,81.5
09/1935,15.8,9,12.4,12.7,77.9,165
10/1935,11.7,5.7,8.7,10,80.3,188.9
11/1935,8.6,3.4,6,8.8,83.9,160.7
12/1935,5.2,0.5,2.8,7,89.3,109.5
01/1936,5.6,0.8,3.2,6.9,86.9,139.8
02/1936,5.5,0.1,2.8,6.6,81.5,80.1
03/1936,8.8,3,5.9,7.9,81.2,72.3
04/1936,9.2,2.2,5.7,7.8,77,48.7
05/1936,14.2,6.2,10.2,10.3,71.9,44.5
06/1936,17.3,9,13.1,12.3,72.5,81.1
07/1936,17.5,11,14.2,14.4,81.9,143.3
08/1936,18.7,11.2,14.9,14.6,75.2,58.4
09/1936,16.4,10,13.2,13.3,79.5,108.3
10/1936,12.5,5.8,9.1,10.1,77.5,100.2
11/1936,8.3,2.8,5.6,8.4,83.2,116.4
12/1936,7.6,2.3,4.9,7.9,86.2,137.6
01/1937,7,2.2,4.6,7.7,86.1,158
02/1937,6.6,1.6,4.1,7,83.1,147.6
03/1937,5.6,-0.4,2.6,6.4,81,86.2
04/1937,11.2,4.9,8,9.1,81,71.5
05/1937,14.8,6.8,10.8,10.5,72.8,68
06/1937,16.6,8.8,12.7,12.2,75.7,64.3
07/1937,17.9,10.8,14.3,14.1,78.9,92
08/1937,19,11,15,14.3,72.5,73.2
09/1937,15.9,8.6,12.2,12.5,75.1,82.9
10/1937,12.6,6.4,9.4,10.9,79.5,97.4
11/1937,8.5,3.1,5.8,8.4,83.3,52.6
12/1937,5.2,0.5,2.8,7,88.9,110.3
01/1938,7.5,2.3,4.9,7.7,85.5,154.3
02/1938,7.2,1.8,4.5,7.4,80.7,61.8
03/1938,11.3,4.6,7.9,8.9,76.8,63.2
04/1938,11.1,3.1,7.1,8.5,70.5,16.6
05/1938,13.2,5.5,9.3,9.7,74.4,86.9
06/1938,16.1,8.7,12.4,12,77.6,102.1
07/1938,17.1,10,13.5,13.5,78.3,112.8
08/1938,18.4,10.6,14.5,14,74.1,89.6
09/1938,16.4,9.4,12.9,13,76.8,92.2
10/1938,12.7,6.7,9.7,10.8,80.4,185
11/1938,10.5,5.5,8,9.5,85.3,171.2
12/1938,6.2,1.4,3.8,7.7,87.8,128.8
01/1939,5.8,0.9,3.3,6.9,86.9,156.3
02/1939,7.8,2.5,5.1,7.8,81.1,100.2
03/1939,8.3,2.4,5.3,7.8,81.5,86
04/1939,11.1,3.8,7.4,8.5,74.6,64.6
05/1939,14.2,6.5,10.3,10.5,74.2,34.8
06/1939,17.5,8.9,13.2,12.3,70.8,63.5
07/1939,17.3,10.6,13.9,13.8,80.5,135.6
08/1939,18.8,11.3,15,14.8,75.6,69
09/1939,16.5,9.7,13.1,13.3,77.6,56.6
10/1939,11.2,4.9,8,9.7,79.6,115.4
11/1939,10.1,4.9,7.5,9.1,84.6,181.3
12/1939,5.8,1.3,3.5,7.5,89.8,85.3
01/1940,3,-2.7,0.1,5.9,83.1,83
02/1940,5.3,0.3,2.8,6.6,82.9,77.6
03/1940,8.3,1.6,5,7.2,76.7,108.3
04/1940,10.9,3.9,7.3,8.4,76.7,78.4
05/1940,15.3,6.9,11.1,10.8,69,46.8
06/1940,19.2,10.1,14.6,13.2,67.3,31.7
07/1940,17.2,10,13.5,13.5,78.2,124.9
08/1940,18.2,10.2,14.2,13.5,72.8,45.8
09/1940,15.4,7.7,11.5,11.6,73.5,81.6
10/1940,12.1,6.1,9.1,10.5,80,141
11/1940,9.1,3.6,6.3,8.5,83.1,203.7
12/1940,6.3,1.2,3.7,7.5,86.7,121.8
01/1941,2.7,-1.9,0.4,6,88,83.4
02/1941,5.3,-0.4,2.5,6.3,80.3,112.5
03/1941,7.3,1,4.1,6.9,78.7,89.8
04/1941,9.1,2.2,5.6,7.7,77.4,51.8
05/1941,12.5,4.5,8.5,9.2,72.1,62.7
06/1941,17.3,9.1,13.1,12.2,73.1,32
07/1941,18.9,10.8,14.9,14.2,73.7,89.9
08/1941,17.1,10,13.5,13.5,78,135
09/1941,17.4,10.1,13.7,13.4,75.1,40.1
10/1941,13.1,6.4,9.7,10.3,77.3,123.3
11/1941,8.9,3.3,6.1,8.6,82.1,120.7
12/1941,8,3.1,5.5,8.2,87.9,79.7
01/1942,4.3,-0.8,1.7,6.5,85.4,147.4
02/1942,3.7,-2,0.8,5.9,80.4,56.6
03/1942,7.6,1.1,4.4,6.9,77.6,75.5
04/1942,12.1,3.9,8,8.6,68.8,51.9
05/1942,14,5.4,9.7,9.6,68.5,96.7
06/1942,16.8,8.1,12.4,11.5,69.8,34.9
07/1942,17.7,10.2,13.9,13.4,77,95.3
08/1942,18.3,11.2,14.7,14.5,77.1,117.1
09/1942,15.8,8.8,12.3,12.4,76.7,118.3
10/1942,12.4,6.3,9.3,10.3,80.4,137.8
11/1942,8.3,2.3,5.3,8.2,81.2,48.8
12/1942,8.5,3.6,6,8.4,88,147.5
01/1943,6.9,1.8,4.3,7.3,85.6,155.6
02/1943,8.5,2.8,5.6,7.8,79.7,87.9
03/1943,9.9,2.6,6.2,8,73.3,48.1
04/1943,12.7,5.1,8.9,9.2,72.6,69.3
05/1943,14.6,5.7,10.1,9.8,66,94.4
06/1943,16.8,8.7,12.7,12.2,74,75.1
07/1943,18.8,10.1,14.4,13.4,70.9,69.1
08/1943,17.6,10.1,13.8,13.2,75.9,122.5
09/1943,15.7,8.2,11.9,12.1,74,110.6
10/1943,13.4,6.9,10.1,11.2,78,140.6
11/1943,8.9,3.2,6,8.4,82.1,96.5
12/1943,6.7,1.4,4,7.6,86.3,70.2
01/1944,8.3,3,5.6,7.8,85.4,122
02/1944,6.1,0.7,3.4,6.9,81.4,56.3
03/1944,8.4,1.1,4.7,7.2,73.8,34.1
04/1944,12.5,4.9,8.7,9.1,72.1,69.8
05/1944,14.2,5.6,9.8,9.8,67.9,63.8
06/1944,16,8.3,12.2,11.8,76.4,85.2
07/1944,18.2,11.2,14.7,14.2,79.4,79.5
08/1944,19.8,11,15.4,14.1,68.4,86.4
09/1944,15.2,7.6,11.4,11.6,73.6,131
10/1944,11.6,5.5,8.5,10.1,80.8,145.4
11/1944,8.3,2.6,5.5,7.8,82.2,178.3
12/1944,6.9,1.9,4.3,7.6,87.2,120
01/1945,3.3,-2.5,0.4,5.7,83.4,112.1
02/1945,8.8,3.2,6,7.8,80.2,117.1
03/1945,10.8,4.1,7.4,8.6,76.4,55.3
04/1945,12.6,4.5,8.5,8.9,69,53.6
05/1945,14.6,6.1,10.4,9.9,68.7,101.9
06/1945,17,9,12.9,12.2,74.6,97.5
07/1945,18.9,11.2,15,14.4,75.6,91.5
08/1945,18.7,10.6,14.6,14,72.5,72
09/1945,16.8,9.8,13.3,13,76.7,100.5
10/1945,14.4,7.4,10.9,11.3,75.4,129.6
11/1945,9.9,4.5,7.2,9.3,83.5,29.8
12/1945,8.1,2.6,5.3,7.9,85.1,137.2
01/1946,5.9,0.4,3.1,7.1,83.8,125.4
02/1946,7.5,2.3,4.9,7.2,82.8,99.9
03/1946,8.4,1.5,4.9,7.3,76.1,57.1
04/1946,12.5,4.2,8.3,8.9,68.9,50.7
05/1946,14.3,5.3,9.8,9.7,65.2,62.1
06/1946,15.8,8,11.9,11.7,76.2,96.8
07/1946,18.3,10.5,14.4,14,75.6,105.6
08/1946,17.1,9.5,13.3,13.1,75.4,135.3
09/1946,15.9,9.5,12.7,13,79.7,152.2
10/1946,12.3,6.1,9.2,10.3,80.1,35.5
11/1946,9.7,4.4,7,9,83.8,169.6
12/1946,6.1,0.2,3.2,7.3,82.7,123.2
01/1947,5.1,-0.3,2.4,6.7,84.4,109.9
02/1947,1.4,-3.6,-1.1,5.2,83.2,48.4
03/1947,5.6,-0.6,2.5,6.2,80.1,149.7
04/1947,10.8,3.7,7.2,8.4,75.4,103.2
05/1947,15.3,6.8,11,10.4,68.3,80.8
06/1947,17.3,9.3,13.3,12.4,74.1,87.1
07/1947,18.8,10.9,14.8,14.1,75.7,87.8
08/1947,21.6,12.2,16.9,15.3,64.5,12.8
09/1947,17.3,9.4,13.4,12.8,72.4,97.6
10/1947,14,6.7,10.3,10.9,73.6,48.8
11/1947,9.3,3.7,6.5,8.3,82.2,142.3
12/1947,7.1,2.3,4.7,7.9,88.5,93.3
01/1948,6.4,1.1,3.8,6.9,85,188.9
02/1948,6.8,1.4,4.1,7.2,81.5,82.6
03/1948,11.5,3.4,7.4,8.2,69.2,69.4
04/1948,12,3.8,7.9,8.7,68.8,71.4
05/1948,14.8,5.2,10,9.5,61.3,62.9
06/1948,16.1,8.5,12.2,12,77,109.7
07/1948,17.8,10.5,14.1,13.7,77.8,78.3
08/1948,17.1,10.2,13.6,13.6,79.1,137
09/1948,15.9,9,12.4,12.5,77.6,117.7
10/1948,12.7,5.9,9.3,10,76.6,122.2
11/1948,10.5,4.5,7.5,9,80.3,85
12/1948,8,2.8,5.4,8.4,85.5,153.8
01/1949,7.8,2.1,4.9,7.6,83.6,102.3
02/1949,8.2,2.2,5.2,7.6,77.9,81.3
03/1949,8.4,1.4,4.9,7.3,75,68.1
04/1949,12.3,4.7,8.5,9.1,72.5,90.3
05/1949,14.3,5.4,9.8,9.7,66,66.7
06/1949,18.1,8.3,13.2,12,63.6,31.1
07/1949,19.7,10.9,15.2,14,70.5,60.8
08/1949,19.1,10.9,15,14.2,71.3,94.1
09/1949,18.4,10.7,14.5,14.3,73.2,67.9
10/1949,14.1,7.7,10.8,11.5,78.5,168.7
11/1949,9.4,3.6,6.5,8.7,81.7,139.5
12/1949,7.6,2.2,4.9,7.8,85.4,158.8
01/1950,6.8,1.8,4.3,7.6,85.6,74.9
02/1950,7.2,0.8,4,7,76.6,145.2
03/1950,10.2,3,6.6,8.3,74.1,70.6
04/1950,10.1,2.8,6.4,8.3,75,96.5
05/1950,14.6,6.1,10.3,10.3,68.8,50
06/1950,18.5,9.7,14.1,12.9,69.4,63.7
07/1950,18.3,10.8,14.5,14.2,76.9,119.7
08/1950,18.2,10.6,14.4,14.3,75,141
09/1950,14.9,8.5,11.7,12.3,79.7,192.1
10/1950,12.2,6,9,10.3,79.8,88.7
11/1950,7.9,2.3,5.1,7.9,82.5,146.7
12/1950,3.7,-1.2,1.2,6.2,88.1,94.7
01/1951,5.7,0.7,3.2,7,86.3,130.5
02/1951,5.7,0.1,2.9,6.6,80.4,115.5
03/1951,6.5,0.3,3.4,6.7,79.5,116.1
04/1951,9.4,1.8,5.6,7.6,72.7,86.5
05/1951,12.7,4.7,8.7,9.4,72.9,62.7
06/1951,16.6,7.7,12.1,11.5,69.1,45.1
07/1951,18.4,10.5,14.4,13.7,75,81.6
08/1951,17.1,10.1,13.6,13.7,78.2,137.6
09/1951,16.3,9.5,12.9,13.1,77.8,89.6
10/1951,13.1,6.2,9.6,10.7,76,46.9
11/1951,10.3,4.8,7.5,9.3,82.8,211.6
12/1951,7.8,2.2,5,7.9,84.2,154
01/1952,4.7,-0.8,2,6.4,84.3,117.6
02/1952,6.2,0.2,3.2,6.8,78.5,43.4
03/1952,8.6,2.8,5.7,7.7,81.3,88.7
04/1952,12.4,4.3,8.3,8.9,69.1,61.4
05/1952,15.8,7.2,11.5,10.8,68.3,66.4
06/1952,16.4,8.3,12.3,11.6,73.6,76.4
07/1952,18.8,10.9,14.8,13.8,75.1,54.7
08/1952,18.1,10.7,14.4,14,75.9,122
09/1952,13.6,6.5,10,10.9,75.9,96.9
10/1952,11.5,5.2,8.3,9.8,79.2,128.4
11/1952,6.8,1.3,4,7.4,82.9,100.3
12/1952,5.9,0.5,3.2,7.1,85.4,124
01/1953,6.2,1.5,3.8,7.3,87.2,55.2
02/1953,7.1,1.4,4.3,7.1,79.7,63.1
03/1953,9.6,1.4,5.4,7.4,68.1,34.7
04/1953,10.3,2.1,6.1,7.9,69.4,82.5
05/1953,15.5,6.9,11.2,10.6,68.1,70.3
06/1953,16.9,9.1,12.9,12.8,75.7,60.1
07/1953,17.7,10.5,14.1,14,78.6,121.6
08/1953,18.6,10.5,14.5,14.1,71.9,99.8
09/1953,16.6,9.5,13,13.2,76.5,111
10/1953,12.9,6.4,9.7,11.1,77.8,88.6
11/1953,10.4,5.2,7.8,9.5,84.2,130.8
12/1953,8.9,3.9,6.4,8.8,87.2,88.3
01/1954,5.7,0.5,3.1,6.9,85.4,95.4
02/1954,5,-0.6,2.2,6.4,80.1,102.1
03/1954,8.2,1.8,5,7.5,78.6,94.1
04/1954,11.2,2.6,6.9,8.2,66.7,32.3
05/1954,14.2,6.3,10.2,10.3,73.1,92.8
06/1954,15.5,8.5,12,12,80.5,94.7
07/1954,16.2,9.5,12.8,13,81.2,97.2
08/1954,16.7,9.9,13.2,13.5,79.5,116.6
09/1954,14.9,7.7,11.3,11.8,75.9,129.7
10/1954,13.4,7.3,10.3,11.1,80.6,184.5
11/1954,9.3,3.1,6.2,8.4,79.6,193.4
12/1954,8.3,3.4,5.9,8.4,88.1,147.3
01/1955,4.8,-0.4,2.2,6.5,85.6,99.5
02/1955,3.5,-2.3,0.6,5.6,79.5,84.2
03/1955,6.5,-0.8,2.9,6.4,73.6,56.6
04/1955,12.5,4,8.2,8.8,67.7,51.8
05/1955,12.6,4.6,8.6,9.1,72.1,92.6
06/1955,16.1,8.4,12.2,11.8,75.8,83.3
07/1955,20.8,10.8,15.8,14,65.8,31.5
08/1955,20.7,11.7,16.2,14.8,67.3,34.7
09/1955,17.1,9.5,13.3,13.2,74,90.7
10/1955,12.1,4.9,8.5,9.8,75,107.3
11/1955,9.9,4.2,7.1,9.1,81.7,68.5
12/1955,7.7,2.1,4.8,7.6,84.3,166.8
01/1956,5.6,0.2,2.9,6.7,84.4,130.7
02/1956,3.8,-2.5,0.6,5.5,77.2,46.7
03/1956,9,2,5.5,7.5,74.3,47.8
04/1956,10.3,1.7,6,7.7,66.9,49.9
05/1956,15,6.2,10.6,10.1,66.4,45.5
06/1956,15.6,7.8,11.7,11.4,75.7,78.1
07/1956,17.6,10.6,14,13.8,79.5,121.3
08/1956,15.7,8.5,12.1,12.6,77.5,157.6
09/1956,16.2,9.7,12.9,13,79.5,113.5
10/1956,12.2,5.8,9,10.3,78.5,87.9
11/1956,8.9,3.4,6.1,8.6,82.7,62.6
12/1956,8,3.4,5.7,8.4,89.7,152.3
01/1957,7.8,1.8,4.8,7.5,82.6,126.8
02/1957,7.2,1.1,4.1,6.9,78,103.6
03/1957,11.1,4.9,8,9.1,79.3,103.7
04/1957,11.8,3.8,7.8,8.8,70.8,31.3
05/1957,13.7,5.1,9.4,9.7,67.9,53.3
06/1957,18.2,8.4,13.3,12.3,63.2,59.9
07/1957,17.9,11.3,14.5,14.3,81,123.6
08/1957,17.5,10.6,14,14,78.6,125.1
09/1957,14.5,8.3,11.4,11.9,80.5,127
10/1957,13,6.6,9.8,10.9,78.7,107.3
11/1957,8.7,3.7,6.2,8.8,85.3,74.6
12/1957,7.2,1.6,4.4,7.6,84.3,127.2
01/1958,5.9,0.1,3,6.9,83.7,130.8
02/1958,6.7,0.7,3.7,6.9,78.6,126.6
03/1958,6,-0.2,2.9,6.5,79.8,60.5
04/1958,10.5,2.8,6.6,8.2,72.5,45.1
05/1958,13.5,5.4,9.4,9.6,71.4,95
06/1958,15.9,8.6,12.2,12.4,78.3,98.5
07/1958,18,10.6,14.2,14.1,77.6,114.7
08/1958,17.8,11,14.3,14.4,79.5,117
09/1958,17.5,10.5,14,14.3,76.6,122.4
10/1958,13.1,7.3,10.2,11.3,82.3,104.2
11/1958,9.3,3.8,6.5,9.1,83.3,62.5
12/1958,6.8,1.5,4.1,7.4,86.2,133.9
01/1959,4.5,-1.5,1.5,5.9,82.5,107.5
02/1959,7.4,1.3,4.3,7.4,78.1,29.9
03/1959,9.7,3.3,6.5,8.3,78,77.2
04/1959,11.8,4.4,8.1,8.9,74.2,93.6
05/1959,15.9,6.5,11.2,10.8,62.8,33.8
06/1959,17.8,9.2,13.5,12.4,70.5,65.5
07/1959,19.7,11.1,15.4,14.2,71.5,95.8
08/1959,19.9,11.5,15.7,14.5,70.3,46.2
09/1959,18.1,9.4,13.7,12.9,68.7,29.9
10/1959,15.2,8,11.6,11.9,74.1,136.2
11/1959,9.5,4,6.7,9.1,82.6,158.9
12/1959,7.9,2.7,5.2,7.8,86.4,186.4
01/1960,6.4,1,3.7,7,85,137.9
02/1960,6,-0.2,2.9,6.6,77.9,101.4
03/1960,8.3,2.8,5.6,7.6,83.6,56.4
04/1960,12.1,4.3,8.2,9.2,71.5,74.4
05/1960,16,7,11.5,11.2,65.9,48.8
06/1960,18.9,9.8,14.3,13.2,67.8,64.6
07/1960,17.5,10.4,13.9,13.4,79.6,115.2
08/1960,17.5,10,13.7,13.8,76,123.8
09/1960,15.7,8.6,12.1,12.4,76.1,111.6
10/1960,12.2,7,9.6,10.9,84.4,152.2
11/1960,9.3,3.7,6.5,8.5,82.5,161.9
12/1960,5.9,0.8,3.3,6.9,87.6,136.6
01/1961,5.8,0.5,3.1,6.8,85.1,132
02/1961,8.7,3.4,6,8.3,82.5,103.8
03/1961,11.2,3.7,7.4,8.7,72.1,46.9
04/1961,11.9,5.1,8.5,9.7,78.3,103.3
05/1961,14,5.7,9.8,9.5,70.4,46.7
06/1961,16.9,8.5,12.7,12,71.7,54.1
07/1961,17.1,9.9,13.5,12.7,78.2,86.2
08/1961,17.7,10.1,13.9,13.3,75.2,113.2
09/1961,17.2,9.9,13.5,13.9,75.4,113.8
10/1961,13,6.8,9.9,10.9,79.2,154.7
11/1961,8.4,2.8,5.5,8,82.7,89.3
12/1961,5,-0.8,2.1,6.6,83.5,116.2
01/1962,6.8,1,3.9,7.3,82.6,162
02/1962,7,1.2,4.1,6.9,80.3,73.6
03/1962,5.7,-1.3,2.2,6,75.5,59
04/1962,10.5,2.7,6.5,8.1,72.6,70.3
05/1962,12.6,5.3,9,9.4,77.5,72.9
06/1962,16.6,7.8,12.2,11.3,69.3,45.5
07/1962,16.8,9.6,13.1,12.5,79.2,66.3
08/1962,16.5,9.6,13,12.8,79.1,142.7
09/1962,14.7,8.3,11.5,12,80.2,131
10/1962,13.1,6.6,9.9,10.9,77.2,56.9
11/1962,7.9,2.6,5.2,8.2,84.6,89.4
12/1962,5.6,-0.1,2.7,6.6,83.3,115.9
01/1963,1.9,-3.4,-0.7,5,85.1,35.8
02/1963,2.6,-3.3,-0.4,5,80.6,36.6
03/1963,8.5,2,5.2,7.7,78.1,122.6
04/1963,10.7,3.8,7.3,8.8,78,81.8
05/1963,13,5.2,9.1,9.4,74.3,76.2
06/1963,17,9.3,13.1,12.8,76.6,86.8
07/1963,17.4,9.5,13.4,13.2,75.9,65.4
08/1963,16.3,9.8,13,13.1,81.2,121.9
09/1963,15.4,8.3,11.8,12.1,76.1,94.6
10/1963,13,6.9,9.9,10.9,81.1,100.1
11/1963,9.5,4.2,6.8,9.1,83.5,191.7
12/1963,5.4,0.4,2.9,6.7,87.2,41.5
01/1964,6.5,1.3,3.9,7.1,86.4,48.6
02/1964,6.7,1.5,4.1,7.2,82.9,41.8
03/1964,6.5,1.6,4,6.9,87.8,87.6
04/1964,11.1,4.3,7.6,9,78.3,79
05/1964,15.3,7.4,11.4,11.1,73.7,74.8
06/1964,16.1,8.7,12.3,11.8,78.4,80.5
07/1964,18,10.5,14.2,13.7,77.4,67.8
08/1964,17.7,9.8,13.7,13.5,73.1,99
09/1964,16.8,8.5,12.6,12.6,70.3,89.2
10/1964,11.9,4.9,8.4,9.8,75.6,92.9
11/1964,9.7,3.8,6.7,8.9,81.7,92.8
12/1964,6.2,0.3,3.2,6.9,82.8,139.8
01/1965,5.4,0.2,2.8,6.6,85.8,132.6
02/1965,5.7,0.5,3.1,6.6,83.7,25
03/1965,8,0.8,4.4,7.1,73.7,81.3
04/1965,11.1,3.1,7,8.4,71.2,81.4
05/1965,13.6,6.4,10,10.2,78.3,70.3
06/1965,16.7,8.9,12.8,12.5,76.1,88.2
07/1965,15.8,9.1,12.5,12.3,81.1,106.8
08/1965,17.3,9.6,13.4,13.2,75.1,94.2
09/1965,14.6,8.2,11.4,12.1,80.1,150.6
10/1965,13.5,6.8,10.1,10.9,77,83.2
11/1965,6.7,1.3,4,7.3,82.9,114
12/1965,6.5,1,3.7,7.3,85,171.3
01/1966,4.8,0.6,2.7,6.8,89.6,73
02/1966,6.6,2,4.3,7.7,86.1,131.4
03/1966,9.1,2.7,5.9,7.8,77.7,82.2
04/1966,9,3,6,8.1,83.5,90.7
05/1966,14.1,5.6,9.8,10,68.6,84.2
06/1966,17.4,10,13.7,13.5,78.1,112.2
07/1966,17.4,9.9,13.6,12.9,77.4,73.4
08/1966,17.1,9.5,13.3,13.2,75.1,102
09/1966,16.3,9.5,12.9,13,78.4,82.2
10/1966,12.2,6,9.1,10.6,79.6,137.7
11/1966,7.6,2.2,4.9,7.6,83.2,112.9
12/1966,7.3,1.8,4.5,7.7,84.7,172.5
01/1967,6.4,1.8,4.1,7.5,86.9,94.2
02/1967,7.5,2.2,4.8,7.5,81.3,112.9
03/1967,8.9,3,5.9,7.7,79.9,112.2
04/1967,10.7,3.5,7,8.4,75.6,56.6
05/1967,12.5,5.5,8.9,9.8,79.6,123.1
06/1967,17.1,8.4,12.7,12.1,70.4,52.9
07/1967,18.5,10.8,14.6,13.9,76.1,83.8
08/1967,17.9,10.4,14.2,14,76,88.7
09/1967,15.9,9.2,12.5,13,78.4,127.3
10/1967,12.3,6.6,9.4,10.5,82.6,211
11/1967,8.5,2.4,5.4,8.1,80.4,104.1
12/1967,6.8,1.6,4.2,7.5,86.3,104.6
01/1968,6.5,1.3,3.9,7.4,85.5,113.7
02/1968,4.4,-1.4,1.5,5.9,80.1,60.8
03/1968,8.8,2.1,5.4,7.6,77.1,97.9
04/1968,11.1,2.8,6.9,8.5,68.7,70
05/1968,12.1,4.6,8.4,9.4,76.3,89.7
06/1968,17.5,9,13.2,12.9,71.7,80.1
07/1968,17.1,10,13.5,13.1,79.1,99.3
08/1968,17.9,10.4,14.2,13.9,76.6,66.8
09/1968,16,9.5,12.7,13.2,79.4,140.1
10/1968,13.9,8.7,11.3,12.3,85.2,146.9
11/1968,8.4,3.7,6,8.3,87.1,82.8
12/1968,5.6,1,3.3,7,89.2,90.5
01/1969,7.2,2.3,4.7,7.9,86.8,128.4
02/1969,3.4,-2,0.7,5.7,82.1,77.9
03/1969,5.9,0.1,3,6.4,83.2,62.8
04/1969,10.7,2.4,6.5,7.9,68.7,64.7
05/1969,13.2,6.1,9.6,10.3,79.4,110.9
06/1969,17.3,8.2,12.7,12,68.5,67.3
07/1969,19.1,10.9,15,14.4,73.6,73.7
08/1969,18.6,11.4,15,14.6,77.6,77.3
09/1969,16.2,9.3,12.7,13,77.7,77.2
10/1969,15.1,8.7,11.9,12.5,78.4,66.4
11/1969,7.4,1.4,4.4,7.4,81.2,158.3
12/1969,5.7,0.7,3.2,7.1,87.1,108.3
01/1970,5.9,0.9,3.4,7.2,86.1,114.7
02/1970,5.3,-0.8,2.2,6.1,78.4,114.5
03/1970,6.6,0.1,3.4,6.6,77.8,80.5
04/1970,9.2,2.3,5.7,7.8,77.6,92.3
05/1970,15.1,7.1,11.1,10.9,73.4,43.5
06/1970,19.1,9.8,14.4,13.3,67,55.6
07/1970,16.9,10,13.4,13,79.7,103.6
08/1970,18.4,10.6,14.5,14.4,74.6,97.6
09/1970,16.4,9.5,12.9,13,77.5,106.3
10/1970,12.9,6.6,9.7,10.6,79,118.6
11/1970,9.4,4,6.7,8.8,83.1,189.2
12/1970,6.5,1.7,4.1,7.3,87.9,69.8
01/1971,6.8,2,4.3,7.7,85.8,118.7
02/1971,7.4,1.7,4.5,7.4,79.9,65.2
03/1971,8,1.8,4.9,7.4,80.9,84.3
04/1971,10.7,3.3,7,8.3,74.8,60.1
05/1971,14.8,5.9,10.3,10.3,66.4,60.5
06/1971,14.9,7.7,11.3,11.2,80.1,89.2
07/1971,19.4,10.5,15,14.4,68.2,65.1
08/1971,17.7,10.7,14.2,14.1,78.2,108.2
09/1971,17.5,9,13.2,13.2,67.9,45.4
10/1971,14.3,7.1,10.7,11.2,74.3,107.6
11/1971,9,2.7,5.8,8.3,77.3,123.3
12/1971,8.8,4.2,6.5,8.7,88.6,72.2
01/1972,5.8,1.4,3.6,7.1,86.2,120.8
02/1972,6.5,1.5,4,7.3,83.6,88.6
03/1972,9.2,2,5.6,7.7,72.7,83
04/1972,11,4.1,7.5,8.5,76.9,94.2
05/1972,13.1,6,9.5,9.8,79.3,85.6
06/1972,14.4,7.1,10.7,10.7,78.8,95.8
07/1972,18.1,10,14.1,13.7,73.4,59.1
08/1972,17.5,9.5,13.5,13,72.8,54.9
09/1972,14.9,7,10.9,11,71.7,36.6
10/1972,13.4,6.5,9.9,10.5,76.2,50.9
11/1972,8.6,2.6,5.6,8.2,80.1,137.6
12/1972,8.1,2.7,5.4,8.1,85.3,121.6
01/1973,6.7,2.1,4.4,7.7,86.3,78.6
02/1973,6.8,0.8,3.8,7.2,79,75.9
03/1973,9.7,1.7,5.7,7.6,69.1,46.1
04/1973,9.8,2.4,6.1,7.6,75,74
05/1973,13.6,6.2,9.9,10.2,77.8,87.4
06/1973,17.6,9,13.3,12.6,70.8,67.1
07/1973,18,10.5,14.2,13.9,76.9,91.2
08/1973,18.9,10.7,14.7,14.2,73.3,88.4
09/1973,16.5,9.3,12.9,12.9,74.6,95.8
10/1973,11.9,5.3,8.6,9.9,77.3,71.1
11/1973,8.6,2.5,5.5,8,79.7,110.4
12/1973,7.3,1.5,4.4,7.6,83.9,125.6
01/1974,8.3,2.9,5.6,8,83.8,179.7
02/1974,7.6,2.3,5,7.7,82.6,115.8
03/1974,8.1,1.9,5,7.5,77.3,59.2
04/1974,11.6,3.1,7.3,8.2,67.4,16.2
05/1974,14,5.9,9.9,9.9,73.2,55.2
06/1974,16.5,8.3,12.4,11.6,73.6,66.2
07/1974,17,10,13.5,13,79,90.5
08/1974,17.8,9.9,13.8,13.5,73.4,97
09/1974,14.3,7.6,10.9,11.4,78.3,147.8
10/1974,10.1,4.6,7.3,8.8,81.7,100.6
11/1974,8.7,3.3,6,8.5,83.3,147.6
12/1974,9.2,4.4,6.8,8.8,87.1,147.1
01/1975,8.4,2.9,5.6,8.3,85.4,184.8
02/1975,7.3,1.6,4.4,7.4,77.8,40.3
03/1975,7.2,1.3,4.2,6.9,80.4,69.6
04/1975,10.6,3.7,7.2,8.7,77.7,81.5
05/1975,12.9,4.8,8.8,8.9,71.3,42.4
06/1975,18,8.2,13.1,11.7,62.7,37.3
07/1975,19.3,11.4,15.4,14.5,73.5,81.4
08/1975,21,12,16.5,15.6,68.5,67.3
09/1975,15.7,8.3,12,12,74.8,142
10/1975,12.9,6.5,9.6,10.5,79,64.8
11/1975,9,3,6,8.3,78.5,103
12/1975,7.8,2.6,5.2,8,86.8,71.6
01/1976,7.3,2.5,4.9,7.7,86.1,124
02/1976,6.8,1.9,4.3,7.4,83.4,64.8
03/1976,7.4,1.4,4.4,7,79.3,86.5
04/1976,11.1,3.5,7.3,8.3,71.8,38.4
05/1976,14.3,6.6,10.4,10.5,76.3,85.2
06/1976,19.4,10,14.7,13.6,67.2,42.2
07/1976,21,11.6,16.3,14.3,67.9,48.1
08/1976,20.8,10.7,15.7,13.8,58.7,23.5
09/1976,15.4,9.1,12.2,12.2,81.5,147.1
10/1976,12.4,6.9,9.6,10.9,81.9,177.5
11/1976,8.7,3,5.8,8.3,82.1,108.7
12/1976,4.3,-0.4,1.9,6.4,87.8,103.7
01/1977,5,0,2.5,6.6,85.5,113.8
02/1977,6.5,1.4,3.9,7.3,82.7,141.3
03/1977,9,3.2,6.1,8.1,82.5,100.5
04/1977,9.7,2.9,6.2,7.7,77,82.3
05/1977,13.7,5.1,9.4,9.3,68.5,56
06/1977,15.3,7.5,11.4,11,75.9,76.1
07/1977,18.6,10.6,14.5,13.4,74.4,43.2
08/1977,18,10.1,14,13.7,73.4,98.6
09/1977,15.1,8.6,11.8,12,80,85.2
10/1977,13.9,8.1,11,11.7,78.9,117.8
11/1977,8.2,2.8,5.4,7.9,80.6,150.8
12/1977,7.9,3.3,5.6,8.2,87.1,96.9
01/1978,5.4,0.2,2.8,6.7,83.5,138.8
02/1978,4.6,-0.9,1.8,6.4,81.7,96.2
03/1978,8.9,2.6,5.7,7.9,78.2,120.6
04/1978,9,2.6,5.8,7.7,80.8,46.3
05/1978,15,6.2,10.6,10.4,67.1,38.5
06/1978,16.2,8.5,12.4,11.7,76.2,61.6
07/1978,16.7,9.8,13.2,12.9,80.4,85.7
08/1978,17.1,10.5,13.7,13.6,79.8,79.8
09/1978,15.9,9.5,12.7,12.6,78.5,112.1
10/1978,14,8,10.9,11.6,79.9,56.7
11/1978,10.5,4.8,7.6,9.5,82.3,124.7
12/1978,6.1,1.7,3.9,7.5,87.7,164.1
01/1979,3.3,-2.8,0.2,5.6,81,106.7
02/1979,3.8,-1.2,1.3,5.7,84.8,55.4
03/1979,6.5,0.8,3.7,6.8,81.9,141.7
04/1979,9.9,3.3,6.5,8.1,79.6,80.3
05/1979,12.2,4.5,8.4,9.3,76.3,105.7
06/1979,16.6,8.8,12.7,12.2,75.8,51.9
07/1979,18.1,10.4,14.2,13.6,76,59.5
08/1979,17,9.7,13.4,13.1,77.6,112.5
09/1979,15.8,8.3,12,12.1,74.3,75.9
10/1979,13.4,7.5,10.4,11.4,78.9,119
11/1979,9.2,3.1,6.1,8.5,79.2,147.1
12/1979,7.2,2.5,4.8,7.7,84.7,182.8
01/1980,4.7,-0.2,2.2,6.4,84.9,104.5
02/1980,7.5,2.3,4.8,8,83.2,104.7
03/1980,6.9,1.2,4,7,82.2,108.2
04/1980,12,3.8,7.9,8.4,71,19.8
05/1980,14.9,5.4,10.1,9.2,63.2,29.8
06/1980,16.2,9,12.6,12.3,80.5,123.1
07/1980,16.9,9.9,13.4,13.1,78.9,92.8
08/1980,17.9,10.9,14.3,14.2,78.5,105.6
09/1980,16.5,10.3,13.4,13.5,80.5,120.7
10/1980,11.3,5.1,8.2,9.5,78.5,159
11/1980,8.4,3.6,6,8.2,83,132.8
12/1980,7.8,2.4,5,7.9,83.9,138.9
01/1981,7,1.2,4.1,7.4,83.4,105.7
02/1981,5.7,0.2,2.9,6.5,79.8,71.5
03/1981,9.2,3.6,6.4,8.6,84.1,157.2
04/1981,10.9,3.1,7,8.3,72.8,46.9
05/1981,14.1,6.5,10.3,10.7,76.7,89.6
06/1981,15.5,8.7,12.1,11.7,80.3,69.2
07/1981,17.6,10.5,14.1,13.4,78.1,70.3
08/1981,19,10.8,14.9,14.2,71.8,47.6
09/1981,17,9.5,13.2,13.1,74.9,180.2
10/1981,10.3,3.9,7.1,8.8,78.4,172.8
11/1981,9.6,3.9,6.7,8.8,82.1,133.4
12/1981,3.9,-2,0.9,5.9,83,95.8
01/1982,5.4,-0.4,2.5,7,82,115.7
02/1982,7.3,1.8,4.5,7.5,80.8,77.6
03/1982,8.7,1.8,5.2,7.4,73.1,126.7
04/1982,11.9,3.7,7.8,8.5,71,32.3
05/1982,14.8,5.4,10.1,9.9,64.8,60.8
06/1982,17.2,9.8,13.5,13,76.9,100.8
07/1982,19.3,10.9,15.1,14.2,71.9,43.5
08/1982,18,10.8,14.3,13.9,77,114.4
09/1982,16.5,8.9,12.7,12.8,74.3,132.4
10/1982,12.3,6.7,9.5,10.6,81.1,149.3
11/1982,9.3,4.2,6.7,8.9,81.6,177.2
12/1982,6.6,0.9,3.8,7.3,81,154.2
01/1983,8.1,3,5.5,7.9,83.8,154.8
02/1983,4.5,-0.9,1.8,5.8,80.2,51.5
03/1983,8.6,2.9,5.7,8.1,82,106.6
04/1983,9.3,2,5.7,7.7,74.2,88.9
05/1983,12.2,5.8,9,9.7,83.6,101.8
06/1983,16.5,8.8,12.6,11.9,76.3,56.3
07/1983,21.5,12.1,16.8,15.5,64.9,36.9
08/1983,20.3,11.4,15.8,14.6,66.3,45.7
09/1983,15.4,9.2,12.3,12.3,80.7,132
10/1983,12.6,6.4,9.4,10.3,77.2,149.5
11/1983,9.5,4.4,6.9,9.2,84.7,53.8
12/1983,8.1,2.7,5.4,8.2,84,167
01/1984,5.4,-0.2,2.6,6.5,83.1,182.2
02/1984,6.1,1,3.5,6.9,82.7,83.4
03/1984,6.9,1.5,4.1,7,82.6,78.6
04/1984,11.9,2.8,7.4,7.9,63,33
05/1984,13.6,4.8,9.2,9.1,67.3,43.2
06/1984,17.2,9.1,13.1,12.3,73.4,51.6
07/1984,20,10.5,15.2,13.6,66.6,37.6
08/1984,20.3,11.2,15.7,14.7,67.8,57.3
09/1984,15.3,9.2,12.2,12.2,80.6,145.7
10/1984,13.1,6.7,9.9,10.9,77.7,154.9
11/1984,9.4,4.7,7.1,9.2,83.9,190.7
12/1984,7.7,2.4,5,8.1,83.3,122.3
01/1985,3.5,-1.9,0.8,5.8,82.5,86.4
02/1985,5.5,-0.4,2.5,6.4,79.3,38.6
03/1985,7.2,0.7,3.9,7,77.3,89.2
04/1985,10.9,3.9,7.3,8.5,77.3,89
05/1985,13.5,6,9.7,9.8,75.4,74
06/1985,15.3,7.7,11.5,11.1,77.3,90.1
07/1985,18,10.9,14.4,13.9,77.4,115.2
08/1985,16.5,10.1,13.3,13,80.9,157.3
09/1985,16.3,9.4,12.8,12.9,77.6,122.5
10/1985,13.4,7.1,10.2,11,78.2,59.4
11/1985,6.5,0.5,3.5,6.8,79.2,113.8
12/1985,7.8,2.9,5.3,8.4,86.7,158.8
01/1986,5.5,0.3,2.9,6.6,83.6,157.9
02/1986,1.9,-2.9,-0.5,4.9,84.1,18
03/1986,7.8,1.2,4.4,7.2,76.6,113.7
04/1986,8.4,1.6,5,7.2,77.8,87.6
05/1986,13.4,6.4,9.9,9.9,78.8,117.2
06/1986,17.4,8.9,13.1,12.2,72.4,55.1
07/1986,17.7,10.6,14.1,13.4,78.7,71.5
08/1986,15.8,8.8,12.3,12,79.1,118.4
09/1986,14.7,6.5,10.6,10.8,70.6,37.9
10/1986,13.1,6.7,9.9,10.7,77,119.2
11/1986,10,3.9,6.9,8.9,79.2,158.2
12/1986,7.7,2.3,5,7.9,83.8,205.4
01/1987,3.6,-1.2,1.2,5.9,84.5,51.7
02/1987,6.4,0.3,3.4,6.9,84.2,78.4
03/1987,6.8,0.7,3.7,6.7,80.7,127.2
04/1987,12.6,4.7,8.7,9.4,77.2,70.4
05/1987,13.1,5.3,9.2,9.3,74.3,56.5
06/1987,14.7,7.9,11.3,11.5,81.3,102.9
07/1987,18.1,10.9,14.5,13.8,76.7,94.2
08/1987,17.8,10.6,14.2,13.7,79,94.1
09/1987,15.9,8.8,12.3,12.2,71.8,96.5
10/1987,11.9,5.5,8.7,10,76.7,183.1
11/1987,8.6,3.9,6.2,8.5,83,95.1
12/1987,7.7,2.9,5.3,8.1,86.9,93.8
01/1988,7,2.1,4.5,7.4,84.3,187.6
02/1988,7,1.5,4.2,6.9,79.3,92.6
03/1988,8.3,2.4,5.3,7.6,83.1,138.7
04/1988,10.9,3.6,7.2,8.4,75.9,61.7
05/1988,14.7,6.4,10.5,10.2,70.5,59.1
06/1988,17.4,9.4,13.4,12.5,73.7,38.9
07/1988,16.7,10.5,13.6,13.2,78.2,158.6
08/1988,17.6,10.3,13.9,13.3,77.1,122.1
09/1988,15.5,9,12.2,12.1,77.4,97.9
10/1988,12.6,6.7,9.6,10.7,77.9,132.7
11/1988,8.9,2.5,5.7,8.1,78,74.1
12/1988,9.4,4.7,7,8.9,88.4,87.3
01/1989,9,3.7,6.3,8.3,84.1,100.2
02/1989,8.3,2.2,5.2,7.5,78.6,149.7
03/1989,9.7,2.8,6.2,8.1,79.6,128.5
04/1989,9.3,2.4,5.8,7.6,75.4,83.1
05/1989,16,6.7,11.3,10.5,62.2,35.6
06/1989,17.6,8.3,12.9,11.6,68,66.9
07/1989,20.9,11.5,16.2,14.4,63.1,45.4
08/1989,18.9,10.8,14.8,13.5,70,109.7
09/1989,16.5,9.2,12.9,12.4,78.6,66.1
10/1989,13.8,7.8,10.8,11.1,81.7,142.4
11/1989,9.1,3.5,6.3,8.3,78.1,62.7
12/1989,6.7,1.4,4,7.4,86.5,128.4
01/1990,8.4,3.2,5.8,8.2,84.9,178
02/1990,8.8,3.4,6.1,7.9,83.3,208.9
03/1990,10.5,4.2,7.3,8.4,79.3,102
04/1990,11.5,3,7.2,8.1,66,66.4
05/1990,16.1,6.7,11.3,10.5,65.3,39.5
06/1990,16.1,8.9,12.5,11.8,81,102.5
07/1990,19.6,10.6,15.1,13.3,59.8,52.5
08/1990,20.1,11.9,15.9,14.5,72.6,77.5
09/1990,15.7,8.1,11.9,11.3,76.1,93.1
10/1990,13.4,8,10.7,11.1,79.7,162.8
11/1990,8.8,3.7,6.3,8.5,81.3,91.6
12/1990,6.7,1.6,4.1,7.2,85.3,144.9
01/1991,5.7,0.5,3.1,6.6,80.6,117.8
02/1991,4.9,-0.9,2,6.3,82.4,77.9
03/1991,10,3.7,6.8,8.7,84,102.3
04/1991,10.7,3.7,7.2,8,74,92
05/1991,13.8,6.3,10,9.9,79.8,24.8
06/1991,14.6,7.5,11.1,10.9,79.5,106.3
07/1991,19.4,12.1,15.7,15,74.3,81.2
08/1991,19.8,11.4,15.6,14.5,70.1,44.9
09/1991,17.5,8.9,13.2,12.5,68.9,89.7
10/1991,12.1,6.6,9.3,10.3,81.3,114.6
11/1991,9,3.4,6.2,8.4,84.3,147.9
12/1991,7.6,2,4.7,7.7,85.3,92.4
01/1992,6.7,1.2,3.9,7.3,86,92.8
02/1992,8.2,2.2,5.1,7.6,86,93.8
03/1992,9.2,3.5,6.3,8.2,86.2,135.4
04/1992,10.9,4.2,7.5,8.5,82.1,93
05/1992,16.5,7.3,11.9,11.1,60.2,58.7
06/1992,18.7,9.8,14.2,12.7,72,43.1
07/1992,18.3,11.1,14.6,13.6,76.5,89.1
08/1992,17.5,10.3,13.9,13.1,75.3,165.8
09/1992,15.1,8.9,12,12.1,81.7,130.2
10/1992,10.3,4,7.1,8.6,79.7,105.4
11/1992,9.7,3.5,6.6,8.6,85.1,174.5
12/1992,6.3,1,3.6,7.2,88.3,112.6
01/1993,8,2.1,5,7.6,90.6,192.1
02/1993,7.3,2.7,5,7.7,90.2,34.4
03/1993,9.1,2.5,5.8,7.6,80.1,60.2
04/1993,11.6,5,8.3,9.3,81,105.8
05/1993,13.9,6.4,10.1,10,78.7,103
06/1993,16.9,9.2,13.1,12.5,77.1,77.2
07/1993,17.1,10.2,13.6,13,77.9,93.4
08/1993,17.1,9.3,13.2,12.5,75.5,64.8
09/1993,14.9,8,11.4,11.6,81.4,100.9
10/1993,10.7,4.7,7.6,9,78.1,118.5
11/1993,7.4,2,4.7,7.6,81.8,83.8
12/1993,6.8,1.7,4.2,7.4,88.6,202.9
01/1994,6.9,1.7,4.3,7.3,86.4,164.7
02/1994,5.4,0.4,2.9,6.5,86.3,103.3
03/1994,9,3.1,6,7.9,80.1,155.2
04/1994,10.5,3.4,6.9,8.2,72.9,100
05/1994,13.3,5.6,9.4,9.2,76.6,49.8
06/1994,16.6,8.8,12.7,11.6,73.2,64.6
07/1994,20,11.3,15.6,14.5,70.3,60.8
08/1994,18,10.6,14.3,13.4,77.3,88.2
09/1994,14.9,8.5,11.7,11.6,79.3,108.4
10/1994,12.6,6,9.3,10.1,74.7,109.3
11/1994,11.5,6.7,9.1,10.5,85.7,122.2
12/1994,8.5,2.9,5.7,8.2,84.7,185.9
01/1995,7,1.1,4,7.1,86.8,192.3
02/1995,8.1,2.5,5.3,7.6,82.5,147.5
03/1995,7.9,1.1,4.5,6.9,74.4,100.3
04/1995,11.4,3.9,7.6,8.4,74.5,43.3
05/1995,14.5,5.9,10.2,9.8,73.9,62.5
06/1995,17.4,8.7,13,11.5,67.2,31.5
07/1995,20.8,11.8,16.3,14.8,68.4,62.5
08/1995,22,12,17,14.8,53.6,19.6
09/1995,16.1,9.1,12.6,12.5,76,149.5
10/1995,15.1,8.6,11.8,12.1,75.8,135.7
11/1995,10.1,4.5,7.3,9.2,81.2,113.3
12/1995,4.8,0,2.4,6.5,84,95.4
01/1996,6.4,2.6,4.5,7.6,92.9,79.3
02/1996,5.6,-0.2,2.7,6.2,79,108
03/1996,6.6,1.6,4.1,6.8,87.1,58.4
04/1996,11.3,3.9,7.6,8.6,79.4,80.3
05/1996,12.2,4.2,8.2,8.6,71.6,66.6
06/1996,17.4,8.4,12.9,11.5,66.7,40.2
07/1996,18.8,10.3,14.5,13.1,70.9,61.3
08/1996,19,11.1,15,13.9,74.6,84.1
09/1996,16.4,9.1,12.7,12,71,44.1
10/1996,13.7,7.6,10.6,11,78.7,152.3
11/1996,8.2,2.3,5.2,7.8,77.2,162.2
12/1996,5.3,0.7,3,6.7,84.2,88.7
01/1997,5.2,0.2,2.7,6.8,87.2,30.3
02/1997,8.5,2.6,5.6,7.8,83.8,165.1
03/1997,10.6,3.8,7.2,8.6,77.9,67.9
04/1997,12.1,4.1,8.1,8.6,75.4,43.2
05/1997,14.5,6,10.2,10.1,66.9,96.6
06/1997,16.1,9.2,12.6,11.8,79.1,126.6
07/1997,19.3,11,15.1,14.3,68.4,69.3
08/1997,21,12.9,16.9,15.7,69.4,86.4
09/1997,16.6,9.1,12.8,12.3,71.6,61.7
10/1997,13.1,6.3,9.7,10.3,73.6,80.6
11/1997,10.5,5.6,8,10,87,146.2
12/1997,7.9,3.3,5.6,8.3,88.3,152.7
01/1998,7.2,2.3,4.7,7.5,86.7,153.1
02/1998,9.6,4,6.7,8.6,84.2,69.9
03/1998,9.8,3.9,6.9,8.5,86.4,114.2
04/1998,10,3.6,6.8,8.2,76.6,122.3
05/1998,15.5,7.4,11.4,10.8,73.4,43.9
06/1998,16,9.1,12.6,12.2,77.8,122.6
07/1998,17.3,10.7,14,13.2,78.9,103.1
08/1998,18.3,10.6,14.4,13.5,70.6,77.6
09/1998,16.6,10.3,13.4,13.4,78.5,100
10/1998,12.1,6.6,9.3,10,76.9,203.3
11/1998,8.5,3,5.7,8.1,78.9,134.7
12/1998,8,2.6,5.2,8.1,89.3,126
01/1999,7.2,2.3,4.7,7.7,85.4,169.7
02/1999,7.1,1.8,4.4,7.2,81.9,85.8
03/1999,9.4,3.2,6.3,8,78.8,87.5
04/1999,11.9,4.8,8.3,9.2,74.3,89.3
05/1999,15,7.7,11.3,10.8,78.2,75.4
06/1999,16.2,8.6,12.4,11.6,74.2,100
07/1999,19.8,11.5,15.6,14.3,65.7,46.6
08/1999,18.5,11.1,14.7,13.7,74.8,95.5
09/1999,17.8,10.7,14.2,13.8,74.7,161
10/1999,13.1,7.1,10.1,10.5,74,95.8
11/1999,9.8,4.5,7.1,8.9,82.3,115.9
12/1999,6.7,1.5,4.1,7.1,85.5,202.5
01/2000,7.2,2,4.5,7.6,84.4,84.4
02/2000,8.1,2.4,5.3,7.6,79.3,123.6
03/2000,9.7,3.3,6.5,8.1,79.3,64
04/2000,10.2,3.4,6.8,8.2,76.3,116.5
05/2000,15.1,6.7,10.9,10.4,64.5,81.5
06/2000,16.6,9.2,12.9,12,75.9,58.1
07/2000,17.7,10.6,14.1,13.2,73.8,55.5
08/2000,19,11.1,15,14.1,70,90.9
09/2000,16.7,10.2,13.4,13.3,80.3,155.4
10/2000,12.5,6.6,9.5,10.2,77.7,202.9
11/2000,8.9,3.7,6.3,8.5,83.3,197.1
12/2000,7.1,2.9,5,8.1,87.3,168.9
01/2001,5.9,0.9,3.4,6.9,79.6,86.5
02/2001,6.6,0.7,3.6,7.1,80.1,112.9
03/2001,7.4,1.5,4.4,7.2,79,95
04/2001,10.2,3.4,6.7,8,77.4,86.3
05/2001,15.7,6.9,11.3,10.5,64,45.1
06/2001,16.3,8.7,12.5,11.4,73.3,58.8
07/2001,18.7,11.2,14.9,13.9,72.4,74.4
08/2001,18.8,11.2,15,14.3,72.7,111.1
09/2001,15.5,9.3,12.4,12.3,79.9,98.2
10/2001,14.7,9.7,12.2,12.5,78.4,163.1
11/2001,9.9,4.5,7.2,9.1,84.3,92.6
12/2001,6.4,1.2,3.8,7.1,79.6,81.6
01/2002,8,3.2,5.5,8.2,88.3,129.2
02/2002,8.3,3.1,5.7,7.9,82.9,164.4
03/2002,9.8,3.2,6.5,8.1,78.7,76.2
04/2002,12.2,4.2,8.2,8.6,68.6,69.8
05/2002,14.4,7.1,10.7,10.4,76.6,94
06/2002,16.8,9.6,13.2,12.2,78.1,95.7
07/2002,17.8,10.7,14.2,13.6,78.2,118.9
08/2002,18.9,11.8,15.3,14.8,77.9,85.1
09/2002,16.9,9.6,13.2,12.5,72.4,47.1
10/2002,11.9,6.2,9,9.9,79.1,194.2
11/2002,10.1,5.6,7.8,9.6,84.4,199.5
12/2002,7,3.2,5.1,8.1,90.2,128.4
01/2003,6.2,1.9,4.1,7.3,81.7,116.2
02/2003,6.8,1,3.9,7,78.9,50.2
03/2003,10.7,3,6.8,8,68.3,57.3
04/2003,13.1,4.8,8.9,8.6,67.3,52.7
05/2003,14.4,6.9,10.6,10.4,78.6,96
06/2003,18.4,10.3,14.3,12.9,72,70.9
07/2003,19.8,12.3,16,14.7,76.3,78.4
08/2003,20.5,12,16.2,14.5,67.1,30.5
09/2003,17.3,9,13.1,12.1,74.1,70.2
10/2003,11.9,5.2,8.5,9.1,72.4,85.6
11/2003,10.2,5.2,7.6,9.5,80.5,129
12/2003,7.2,2.5,4.8,7.9,86.1,124.4
01/2004,6.7,2.6,4.6,7.8,88.2,153
02/2004,7.1,2,4.5,7.4,79.3,65.8
03/2004,9.1,2.7,5.9,7.7,76.8,69.8
04/2004,11.9,5.2,8.5,9.2,79.1,92.6
05/2004,15,6.7,10.8,10.5,71.3,44.8
06/2004,17.6,10,13.8,12.7,74.5,86.1
07/2004,18.1,10.6,14.3,13.2,75.9,72.7
08/2004,19.4,12.4,15.9,15.1,73.6,152.5
09/2004,16.8,10.2,13.5,12.8,73.8,103.6
10/2004,12.2,6.9,9.5,10.3,80,191.9
11/2004,9.6,5.1,7.3,9.3,87.2,82.9
12/2004,7.6,3.2,5.4,8.2,86.5,102.5
01/2005,7.8,3.5,5.6,8,87.4,115.9
02/2005,6.1,1.6,3.8,7,83.6,76.2
03/2005,9.2,3.8,6.4,8.5,83.6,77.1
04/2005,11.6,4.4,7.9,8.7,75.1,95.2
05/2005,13.8,6,9.9,9.6,72.4,76.2
06/2005,17.7,10.1,13.9,13.1,75.9,72.3
07/2005,18.7,11.5,15.1,14,75.5,72.1
08/2005,18.8,10.7,14.7,13.6,70.7,83.9
09/2005,17.2,10.1,13.6,13.2,76.7,92.3
10/2005,14.1,9.1,11.6,12,81.5,164.4
11/2005,8.9,3.5,6.2,8.3,78.6,110.3
12/2005,7.1,2.7,4.9,7.8,86.4,101.3
01/2006,6.4,2.2,4.3,7.5,85.3,54
02/2006,6.3,1.6,3.9,7,83.8,69.4
03/2006,6.9,1.5,4.2,7,83.4,120.1
04/2006,11,3.7,7.3,8.1,73.4,60.3
05/2006,14.4,6.7,10.5,10.2,77.9,109.9
06/2006,18.5,9.9,14.1,12.6,67.3,42.6
07/2006,21.8,12.3,17,15.1,61.3,54.1
08/2006,18.4,11.5,14.9,13.8,80.1,89.4
09/2006,18.4,11.5,14.9,14.5,75.5,113.8
10/2006,14.6,9.1,11.8,12.3,79.6,166.8
11/2006,10.3,4.9,7.6,9,79.4,148.2
12/2006,8,3.8,5.9,8.4,87.8,157.7
01/2007,8.1,3.7,5.9,8.2,86.2,139.7
02/2007,8,2.9,5.4,8.1,84.2,119.8
03/2007,9.8,3.1,6.4,8,71.8,81.7
04/2007,14.5,5.4,9.9,9.7,61.5,25.7
05/2007,14.6,6.9,10.7,10.2,75.6,107.1
06/2007,17.2,10,13.6,13.1,79.3,122.7
07/2007,17.7,10.8,14.3,13.5,77.5,144.9
08/2007,18,10.8,14.3,13.5,74.5,97.4
09/2007,16.2,9,12.6,12.3,79,71.2
10/2007,13.7,7.6,10.6,11.3,77.3,64.5
11/2007,9.9,4.6,7.3,9,86,117.3
12/2007,7.5,2.5,5,7.8,85,115.5
01/2008,7.8,3.1,5.4,8.2,89.6,193.5
02/2008,8.6,2,5.3,7.6,76.6,66.6
03/2008,8.4,2.3,5.3,7.2,79.2,125.5
04/2008,10.9,3.6,7.2,8.2,72,76.9
05/2008,16.4,7.8,12.1,11,71.4,44.6
06/2008,17,9,13,11.8,73.3,89.8
07/2008,19,11.5,15.2,14.2,74.5,110.3
08/2008,18.2,12.1,15.1,14.7,85,147.5
09/2008,15.9,9.2,12.5,12.4,80.8,110.7
10/2008,12.1,5.8,8.9,9.9,76.1,152.9
11/2008,8.8,4.3,6.6,8.8,84.5,109.2
12/2008,6.3,1.4,3.8,7.3,84.1,99.5
01/2009,5.7,1.1,3.4,7.1,84,119.4
02/2009,6.5,1.5,4,7.5,87.4,75.4
03/2009,9.6,2.7,6.1,8,73.6,72.4
04/2009,12.5,5,8.7,9.4,73.5,71.5
05/2009,14.9,6.8,10.8,10.4,71.1,77
06/2009,18,9.3,13.6,12.4,67.6,63.9
07/2009,19,11.5,15.2,14.1,73.6,133.6
08/2009,19,11.6,15.3,14.4,77.7,122.1
09/2009,16.7,9.6,13.1,12.5,76.6,78.1
10/2009,13.6,7.7,10.6,11.3,80.3,132.6
11/2009,10,5.3,7.6,9.3,82.7,238.1
12/2009,5.6,0.8,3.2,7,84.7,125.3
01/2010,3.9,-0.8,1.6,6.3,83.5,90.8
02/2010,4.9,-0.6,2.1,6.5,84.2,92
03/2010,8.7,1.8,5.2,7.4,76.9,90.5
04/2010,12.2,3.6,7.9,8.3,66.4,48.9
05/2010,14,5.4,9.7,9.5,71.1,54.5
06/2010,18.5,9.5,14,12.5,68.6,44
07/2010,19.2,11.7,15.4,14.1,78.2,126.2
08/2010,18.1,10.4,14.2,13.4,77.6,90.8
09/2010,16.4,9.5,12.9,12.6,78.6,128.2
10/2010,12.9,6.7,9.8,10.5,74.5,101.8
11/2010,7.3,2.4,4.8,7.8,81.3,136.7
12/2010,3.3,-2,0.6,5.9,83.4,64
01/2011,5.8,1.1,3.4,7.2,83.1,99.4
02/2011,8,2.8,5.4,8.3,85.9,118.7
03/2011,9.4,2.3,5.8,7.8,76,64.4
04/2011,14.3,5.4,9.9,9.8,62.6,36
05/2011,15,7.2,11.1,9.9,76,88.9
06/2011,16.6,8.6,12.6,11.7,74.7,91.7
07/2011,18,10,13.9,12.7,75.3,79.6
08/2011,17.6,10.4,14,13.1,81.4,110.8
09/2011,16.9,10.4,13.6,13.1,79.6,111.7
10/2011,14,8.2,11,11.5,79.7,133.8
11/2011,11.4,6.3,8.8,10.4,82.5,95.8
12/2011,7.5,2.9,5.2,7.8,90,164.3
01/2012,7.3,2.7,5,7.6,85.5,110.1
02/2012,7.1,2.3,4.7,7.7,85.8,56.7
03/2012,11.5,4.1,7.8,8.6,69.9,40.3
04/2012,10.2,2.9,6.5,8,79,123.5
05/2012,14.5,6.2,10.3,10.1,73.1,63.8
06/2012,15.6,9,12.2,11.9,83.8,144.3
07/2012,17.4,10.4,13.9,13.4,79.7,120.3
08/2012,19,11.6,15.3,14.4,76.8,114.1
09/2012,15.7,8.6,12.1,11.6,75.4,122.2
10/2012,11.7,5.6,8.6,9.8,79,149.6
11/2012,8.6,3.6,6.1,8.4,82.3,142.4
12/2012,6.8,2,4.4,7.7,86.2,188.7
01/2013,6,1.6,3.8,7.4,89.9,121.7
02/2013,5.7,0.6,3.1,6.5,81.1,69.6
03/2013,5.5,0.1,2.8,6,83.7,83.7
04/2013,10.2,2.7,6.4,7.5,71.2,61.6
05/2013,13.4,5.6,9.4,9.4,78.2,87.3
06/2013,16.9,8.9,12.9,11.9,75.8,53.7
07/2013,21.1,12,16.5,14.9,63.9,70.3
08/2013,19.3,11.6,15.4,14.1,77.5,77.3
09/2013,16.4,9.5,12.9,12.5,80.6,79.3
10/2013,13.9,8.7,11.3,11.9,81.9,169
11/2013,8.7,3.5,6.1,8.1,81.5,102.9
12/2013,8.5,3.6,6,8.3,89.2,184.3
01/2014,7.4,2.7,5,7.9,89.3,198.2
02/2014,7.7,2.9,5.3,7.7,82.8,167.4
03/2014,10.2,3.3,6.7,8.2,78.1,82.1
04/2014,12.8,5.7,9.2,9.6,75.3,67.4
05/2014,14.6,7.5,11.1,10.9,82.3,99.9
06/2014,18.1,10.1,14.1,12.8,72.9,59
07/2014,20.5,11.9,16.2,14.7,67.3,68.2
08/2014,17.8,10.4,14.1,12.9,73.6,146.7
09/2014,17.8,10,13.9,13.5,77.5,31.4
10/2014,14.1,8.1,11.1,11.6,81.1,183.3
11/2014,10.4,5.4,7.9,9.8,83.9,160.1
12/2014,7.1,2.5,4.8,7.6,84.5,135.2
01/2015,6.6,1.7,4.1,7.2,83.6,144
02/2015,6.6,1.2,3.9,7.1,82.2,75.3
03/2015,8.9,2.3,5.6,7.4,76.1,89.4
04/2015,12.2,3.3,7.7,8.3,63.2,50
05/2015,13.3,5.9,9.5,9.3,79.7,111.9
06/2015,16.8,8.3,12.6,11.4,72.4,57.5
07/2015,18,10.4,14.2,13.1,77.8,116.3
08/2015,18.4,10.9,14.6,13.8,77,112.3
09/2015,15.8,8.4,12.1,11.7,74,71.8
10/2015,13.3,7,10.2,11,78.8,89.9
11/2015,10.7,5.9,8.3,10,88.7,178.2
12/2015,9.7,5,7.3,9.3,90.7,221.2
01/2016,7.3,2.5,4.9,7.9,89.2,191.3
02/2016,6.8,1.2,4,7,81,113.1
03/2016,8.9,2.4,5.6,7.6,79,93.4
04/2016,10.4,2.9,6.6,7.8,74.3,89.6
05/2016,15.3,7,11.1,10.5,72.3,63.4
06/2016,17.5,10.2,13.8,13.2,80.3,104.4
07/2016,18.8,11.4,15.1,14.2,78,90.6
08/2016,19.3,11.5,15.4,14.4,74.3,79.8
09/2016,17.7,11,14.3,14.1,79.8,106.3
10/2016,13.2,6.8,10,10.6,76.9,63.4
11/2016,8.2,2.7,5.5,8,79.6,114.2
12/2016,8.7,3.9,6.3,8.8,88.2,87
01/2017,6.9,2.1,4.4,7.6,84.8,83.2
02/2017,7.8,2.9,5.3,8.1,87,99.9
03/2017,10.5,4,7.3,8.7,76.3,105.2
04/2017,11.8,4.1,7.9,8.3,75.5,34.7
05/2017,16.3,7.7,12,11.2,70,61
06/2017,18.1,10.4,14.2,13.2,78.6,116.1
07/2017,18.9,11.1,15,13.8,74.6,102.9
08/2017,18.3,11,14.7,13.7,77.1,113.5
09/2017,15.9,9.3,12.6,12.6,81.5,134.8
10/2017,14,8.5,11.2,11.7,83.6,101.4
11/2017,8.8,3.6,6.2,8.3,81.2,127.6
12/2017,7.1,2.4,4.7,7.9,87.1,127.7
01/2018,6.7,2.2,4.4,7.5,86,146.2
02/2018,5.4,-0.2,2.6,6.3,77.8,70.3
03/2018,6.9,1.1,3.9,7,83,125.7
04/2018,11.8,5,8.4,9.2,77.3,86.7
05/2018,16.6,7.2,11.8,11,65.4,52.2
06/2018,19.2,10,14.5,12.7,64,36.1
07/2018,21.2,12,16.6,14.5,65.5,63.8
08/2018,18.9,11.4,15.1,14.1,79.1,84.1
09/2018,16.1,8.7,12.4,11.9,77.7,104.8
10/2018,13.1,6.6,9.8,10.5,74.9,113.8
11/2018,9.9,5.1,7.5,9.4,82.5,136.4
12/2018,8.4,4.3,6.3,8.8,91.2,124.7
01/2019,6.6,1.9,4.2,7.2,86.9,69.2
02/2019,9.3,3.2,6.2,8.3,78.3,75.8
03/2019,10,3.8,6.8,8.2,79.9,124.3
04/2019,12.7,4.5,8.6,8.6,72.7,56.5
05/2019,14.2,5.6,9.9,9.7,75.8,68.6
06/2019,17.3,9.4,13.3,12.4,76.9,112.1
07/2019,20.1,12,16,14.9,73.5,86
08/2019,19.5,11.8,15.6,14.5,73.9,128.9
09/2019,16.8,9.5,13.1,12.7,74.8,131.8
10/2019,12.3,6.6,9.4,10.3,79.4,149.1
11/2019,8.3,3.4,5.8,8.5,85.8,157.8
12/2019,7.9,3.3,5.6,8.3,86.8,135.9
01/2020,8.1,3.7,5.9,8.4,87.8,108.5
02/2020,7.9,2.6,5.2,7.7,82.7,200.8
03/2020,9.1,2.5,5.8,7.4,73.6,74
04/2020,13.4,4.4,8.9,8.5,60.1,32.3
05/2020,16,6.4,11.2,9.7,59.2,31.7
06/2020,17.7,9.9,13.8,12.8,78.3,98.7
07/2020,17.9,10.5,14.2,13.1,78.2,103.8
08/2020,19.4,12,15.6,14.8,79.4,123.4
09/2020,16.9,9.1,13,12.5,75,89.7
10/2020,12.4,6.9,9.6,10.5,82.6,209.4
11/2020,10.5,5.7,8,9.8,85.8,102.2
12/2020,7.1,2.8,4.9,8.1,88.1,184.7
01/2021,5.2,0.6,2.9,6.9,86,150.5
02/2021,6.9,2,4.4,7.4,83.2,103.1
03/2021,9.7,3.4,6.5,8.1,81.4,82.1
04/2021,10.6,1.5,6,6.9,61.4,25.5
05/2021,13.3,5.1,9.2,9.4,78.7,120.7
06/2021,18.1,9.9,14,12.8,76,46.7
07/2021,20.2,12.2,16.2,15.3,74.7,73.2
08/2021,18.6,11.4,15,14.3,81.8,70.7
09/2021,18.1,10.9,14.5,14.2,81.3,95.4
10/2021,13.9,8.1,11,11.7,81.3,193.4
11/2021,10,4.8,7.4,9.2,85,83.4
12/2021,7.8,3.5,5.6,8.5,90.9,126.5
01/2022,7.7,2.9,5.3,7.8,83.1,60.3
02/2022,8.4,3,5.7,7.9,83,149.2
03/2022,10.4,3.2,6.8,7.9,66.4,57.9
04/2022,12.1,4.1,8.1,8.5,72.2,61.4
05/2022,15.7,7.8,11.8,11,80,80.1
06/2022,18.1,9.8,13.9,12.2,72.9,59
07/2022,20.4,11.8,16.1,13.9,74.3,43.3
08/2022,20.7,11.9,16.3,14.2,65.3,47.7
09/2022,17.1,9.8,13.4,12.9,80,128.5
10/2022,14.6,8.8,11.7,12,77.2,164.3
11/2022,10.9,6.1,8.5,10.1,84.8,181.1
12/2022,6.1,1.2,3.7,7.3,85.3,143.6
